date,provincia,origine,presenze
2008-01-01,Chieti,estero,5430.0
2008-02-01,Chieti,estero,6169.0
2008-03-01,Chieti,estero,6288.0
2008-04-01,Chieti,estero,9195.0
2008-05-01,Chieti,estero,13653.0
2008-06-01,Chieti,estero,14009.0
2008-07-01,Chieti,estero,27804.0
2008-08-01,Chieti,estero,22498.0
2008-09-01,Chieti,estero,13453.0
2008-10-01,Chieti,estero,9070.0
2008-11-01,Chieti,estero,6066.0
2008-12-01,Chieti,estero,4468.0
2009-01-01,Chieti,estero,3720.0
2009-02-01,Chieti,estero,3325.0
2009-03-01,Chieti,estero,5757.0
2009-04-01,Chieti,estero,6465.0
2009-05-01,Chieti,estero,9044.0
2009-06-01,Chieti,estero,14644.0
2009-07-01,Chieti,estero,24788.0
2009-08-01,Chieti,estero,19874.0
2009-09-01,Chieti,estero,11411.0
2009-10-01,Chieti,estero,8180.0
2009-11-01,Chieti,estero,5400.0
2009-12-01,Chieti,estero,3953.0
2010-01-01,Chieti,estero,3136.0
2010-02-01,Chieti,estero,3485.0
2010-03-01,Chieti,estero,5061.0
2010-04-01,Chieti,estero,5332.0
2010-05-01,Chieti,estero,8468.0
2010-06-01,Chieti,estero,10244.0
2010-07-01,Chieti,estero,23398.0
2010-08-01,Chieti,estero,23043.0
2010-09-01,Chieti,estero,13191.0
2010-10-01,Chieti,estero,10306.0
2010-11-01,Chieti,estero,6611.0
2010-12-01,Chieti,estero,3983.0
2011-01-01,Chieti,estero,3649.0
2011-02-01,Chieti,estero,4345.0
2011-03-01,Chieti,estero,5765.0
2011-04-01,Chieti,estero,7839.0
2011-05-01,Chieti,estero,10992.0
2011-06-01,Chieti,estero,15452.0
2011-07-01,Chieti,estero,28374.0
2011-08-01,Chieti,estero,25375.0
2011-09-01,Chieti,estero,14778.0
2011-10-01,Chieti,estero,11839.0
2011-11-01,Chieti,estero,7507.0
2011-12-01,Chieti,estero,4000.0
2012-01-01,Chieti,estero,3559.0
2012-02-01,Chieti,estero,3778.0
2012-03-01,Chieti,estero,5658.0
2012-04-01,Chieti,estero,6363.0
2012-05-01,Chieti,estero,9671.0
2012-06-01,Chieti,estero,12193.0
2012-07-01,Chieti,estero,26055.0
2012-08-01,Chieti,estero,24235.0
2012-09-01,Chieti,estero,12829.0
2012-10-01,Chieti,estero,6735.0
2012-11-01,Chieti,estero,4774.0
2012-12-01,Chieti,estero,3877.0
2013-01-01,Chieti,estero,3176.0
2013-02-01,Chieti,estero,2823.0
2013-03-01,Chieti,estero,4236.0
2013-04-01,Chieti,estero,5020.0
2013-05-01,Chieti,estero,10026.0
2013-06-01,Chieti,estero,12807.0
2013-07-01,Chieti,estero,30748.0
2013-08-01,Chieti,estero,26204.0
2013-09-01,Chieti,estero,12374.0
2013-10-01,Chieti,estero,7974.0
2013-11-01,Chieti,estero,4955.0
2013-12-01,Chieti,estero,3782.0
2014-01-01,Chieti,estero,3707.0
2014-02-01,Chieti,estero,3610.0
2014-03-01,Chieti,estero,4258.0
2014-04-01,Chieti,estero,6908.0
2014-05-01,Chieti,estero,9089.0
2014-06-01,Chieti,estero,10519.0
2014-07-01,Chieti,estero,22901.0
2014-08-01,Chieti,estero,20739.0
2014-09-01,Chieti,estero,9524.0
2014-10-01,Chieti,estero,8438.0
2014-11-01,Chieti,estero,5690.0
2014-12-01,Chieti,estero,3423.0
2015-01-01,Chieti,estero,3214.0
2015-02-01,Chieti,estero,2722.0
2015-03-01,Chieti,estero,3663.0
2015-04-01,Chieti,estero,4870.0
2015-05-01,Chieti,estero,6639.0
2015-06-01,Chieti,estero,9979.0
2015-07-01,Chieti,estero,23366.0
2015-08-01,Chieti,estero,22618.0
2015-09-01,Chieti,estero,12482.0
2015-10-01,Chieti,estero,7239.0
2015-11-01,Chieti,estero,4071.0
2015-12-01,Chieti,estero,3623.0
2016-01-01,Chieti,estero,2770.0
2016-02-01,Chieti,estero,3190.0
2016-03-01,Chieti,estero,3828.0
2016-04-01,Chieti,estero,5565.0
2016-05-01,Chieti,estero,8463.0
2016-06-01,Chieti,estero,10788.0
2016-07-01,Chieti,estero,24415.0
2016-08-01,Chieti,estero,22502.0
2016-09-01,Chieti,estero,14929.0
2016-10-01,Chieti,estero,7167.0
2016-11-01,Chieti,estero,3590.0
2016-12-01,Chieti,estero,2171.0
2017-01-01,Chieti,estero,2733.0
2017-02-01,Chieti,estero,2443.0
2017-03-01,Chieti,estero,3448.0
2017-04-01,Chieti,estero,4444.0
2017-05-01,Chieti,estero,7501.0
2017-06-01,Chieti,estero,12459.0
2017-07-01,Chieti,estero,25969.0
2017-08-01,Chieti,estero,23750.0
2017-09-01,Chieti,estero,11930.0
2017-10-01,Chieti,estero,5932.0
2017-11-01,Chieti,estero,4426.0
2017-12-01,Chieti,estero,2930.0
2018-01-01,Chieti,estero,2318.0
2018-02-01,Chieti,estero,3165.0
2018-03-01,Chieti,estero,4383.0
2018-04-01,Chieti,estero,5597.0
2018-05-01,Chieti,estero,7920.0
2018-06-01,Chieti,estero,13168.0
2018-07-01,Chieti,estero,27800.0
2018-08-01,Chieti,estero,23972.0
2018-09-01,Chieti,estero,11875.0
2018-10-01,Chieti,estero,7399.0
2018-11-01,Chieti,estero,3901.0
2018-12-01,Chieti,estero,2967.0
2019-01-01,Chieti,estero,2218.0
2019-02-01,Chieti,estero,2493.0
2019-03-01,Chieti,estero,3339.0
2019-04-01,Chieti,estero,4297.0
2019-05-01,Chieti,estero,9298.0
2019-06-01,Chieti,estero,13100.0
2019-07-01,Chieti,estero,24791.0
2019-08-01,Chieti,estero,21915.0
2019-09-01,Chieti,estero,12222.0
2019-10-01,Chieti,estero,6528.0
2019-11-01,Chieti,estero,3630.0
2019-12-01,Chieti,estero,2836.0
2020-01-01,Chieti,estero,2466.0
2020-02-01,Chieti,estero,2569.0
2020-03-01,Chieti,estero,416.0
2020-04-01,Chieti,estero,90.0
2020-05-01,Chieti,estero,85.0
2020-06-01,Chieti,estero,1607.0
2020-07-01,Chieti,estero,8156.0
2020-08-01,Chieti,estero,9036.0
2020-09-01,Chieti,estero,6000.0
2020-10-01,Chieti,estero,2726.0
2020-11-01,Chieti,estero,758.0
2020-12-01,Chieti,estero,597.0
2021-01-01,Chieti,estero,714.0
2021-02-01,Chieti,estero,748.0
2021-03-01,Chieti,estero,862.0
2021-04-01,Chieti,estero,1044.0
2021-05-01,Chieti,estero,2008.0
2021-06-01,Chieti,estero,4879.0
2021-07-01,Chieti,estero,17647.0
2021-08-01,Chieti,estero,16625.0
2021-09-01,Chieti,estero,10035.0
2021-10-01,Chieti,estero,4265.0
2021-11-01,Chieti,estero,3287.0
2021-12-01,Chieti,estero,2043.0
2022-01-01,Chieti,estero,1417.0
2022-02-01,Chieti,estero,2200.0
2022-03-01,Chieti,estero,3583.0
2022-04-01,Chieti,estero,8084.0
2022-05-01,Chieti,estero,12498.0
2022-06-01,Chieti,estero,18040.0
2022-07-01,Chieti,estero,31352.0
2022-08-01,Chieti,estero,28063.0
2022-09-01,Chieti,estero,20237.0
2022-10-01,Chieti,estero,14438.0
2022-11-01,Chieti,estero,11324.0
2022-12-01,Chieti,estero,10242.0
2023-01-01,Chieti,estero,5696.0
2023-02-01,Chieti,estero,4827.0
2023-03-01,Chieti,estero,7065.0
2023-04-01,Chieti,estero,9390.0
2023-05-01,Chieti,estero,14397.0
2023-06-01,Chieti,estero,18245.0
2023-07-01,Chieti,estero,32775.0
2023-08-01,Chieti,estero,28602.0
2023-09-01,Chieti,estero,22765.0
2023-10-01,Chieti,estero,14805.0
2023-11-01,Chieti,estero,11944.0
2023-12-01,Chieti,estero,10457.0
2024-01-01,Chieti,estero,8135.0
2024-02-01,Chieti,estero,6281.0
2024-03-01,Chieti,estero,5484.0
2024-04-01,Chieti,estero,11027.0
2024-05-01,Chieti,estero,14369.0
2024-06-01,Chieti,estero,19978.0
2024-07-01,Chieti,estero,31876.0
2024-08-01,Chieti,estero,27273.0
2024-09-01,Chieti,estero,18126.0
2024-10-01,Chieti,estero,15849.0
2024-11-01,Chieti,estero,7189.0
2024-12-01,Chieti,estero,4731.0
2008-01-01,Chieti,italiani,41846.0
2008-02-01,Chieti,italiani,42122.0
2008-03-01,Chieti,italiani,44859.0
2008-04-01,Chieti,italiani,46055.0
2008-05-01,Chieti,italiani,54555.0
2008-06-01,Chieti,italiani,110351.0
2008-07-01,Chieti,italiani,237673.0
2008-08-01,Chieti,italiani,343792.0
2008-09-01,Chieti,italiani,69084.0
2008-10-01,Chieti,italiani,43108.0
2008-11-01,Chieti,italiani,37842.0
2008-12-01,Chieti,italiani,35471.0
2009-01-01,Chieti,italiani,41198.0
2009-02-01,Chieti,italiani,39368.0
2009-03-01,Chieti,italiani,41890.0
2009-04-01,Chieti,italiani,40802.0
2009-05-01,Chieti,italiani,52697.0
2009-06-01,Chieti,italiani,103933.0
2009-07-01,Chieti,italiani,214859.0
2009-08-01,Chieti,italiani,316824.0
2009-09-01,Chieti,italiani,77580.0
2009-10-01,Chieti,italiani,47848.0
2009-11-01,Chieti,italiani,43752.0
2009-12-01,Chieti,italiani,39010.0
2010-01-01,Chieti,italiani,38825.0
2010-02-01,Chieti,italiani,40663.0
2010-03-01,Chieti,italiani,40646.0
2010-04-01,Chieti,italiani,44884.0
2010-05-01,Chieti,italiani,49120.0
2010-06-01,Chieti,italiani,111436.0
2010-07-01,Chieti,italiani,230670.0
2010-08-01,Chieti,italiani,351211.0
2010-09-01,Chieti,italiani,86826.0
2010-10-01,Chieti,italiani,57643.0
2010-11-01,Chieti,italiani,50354.0
2010-12-01,Chieti,italiani,45211.0
2011-01-01,Chieti,italiani,42234.0
2011-02-01,Chieti,italiani,46667.0
2011-03-01,Chieti,italiani,49463.0
2011-04-01,Chieti,italiani,49287.0
2011-05-01,Chieti,italiani,56892.0
2011-06-01,Chieti,italiani,126472.0
2011-07-01,Chieti,italiani,253065.0
2011-08-01,Chieti,italiani,347562.0
2011-09-01,Chieti,italiani,74798.0
2011-10-01,Chieti,italiani,40647.0
2011-11-01,Chieti,italiani,34559.0
2011-12-01,Chieti,italiani,31624.0
2012-01-01,Chieti,italiani,30910.0
2012-02-01,Chieti,italiani,26480.0
2012-03-01,Chieti,italiani,34645.0
2012-04-01,Chieti,italiani,36398.0
2012-05-01,Chieti,italiani,41305.0
2012-06-01,Chieti,italiani,110250.0
2012-07-01,Chieti,italiani,227400.0
2012-08-01,Chieti,italiani,325477.0
2012-09-01,Chieti,italiani,82387.0
2012-10-01,Chieti,italiani,39428.0
2012-11-01,Chieti,italiani,37399.0
2012-12-01,Chieti,italiani,36863.0
2013-01-01,Chieti,italiani,33811.0
2013-02-01,Chieti,italiani,33203.0
2013-03-01,Chieti,italiani,38729.0
2013-04-01,Chieti,italiani,35310.0
2013-05-01,Chieti,italiani,41968.0
2013-06-01,Chieti,italiani,100645.0
2013-07-01,Chieti,italiani,214639.0
2013-08-01,Chieti,italiani,314443.0
2013-09-01,Chieti,italiani,69319.0
2013-10-01,Chieti,italiani,34329.0
2013-11-01,Chieti,italiani,31691.0
2013-12-01,Chieti,italiani,29861.0
2014-01-01,Chieti,italiani,30130.0
2014-02-01,Chieti,italiani,29437.0
2014-03-01,Chieti,italiani,32156.0
2014-04-01,Chieti,italiani,36077.0
2014-05-01,Chieti,italiani,34808.0
2014-06-01,Chieti,italiani,86455.0
2014-07-01,Chieti,italiani,189803.0
2014-08-01,Chieti,italiani,268725.0
2014-09-01,Chieti,italiani,53930.0
2014-10-01,Chieti,italiani,44474.0
2014-11-01,Chieti,italiani,54545.0
2014-12-01,Chieti,italiani,52080.0
2015-01-01,Chieti,italiani,20687.0
2015-02-01,Chieti,italiani,23271.0
2015-03-01,Chieti,italiani,24670.0
2015-04-01,Chieti,italiani,28521.0
2015-05-01,Chieti,italiani,33708.0
2015-06-01,Chieti,italiani,79691.0
2015-07-01,Chieti,italiani,178413.0
2015-08-01,Chieti,italiani,247874.0
2015-09-01,Chieti,italiani,63123.0
2015-10-01,Chieti,italiani,32684.0
2015-11-01,Chieti,italiani,26553.0
2015-12-01,Chieti,italiani,27426.0
2016-01-01,Chieti,italiani,26404.0
2016-02-01,Chieti,italiani,24822.0
2016-03-01,Chieti,italiani,28943.0
2016-04-01,Chieti,italiani,28520.0
2016-05-01,Chieti,italiani,29153.0
2016-06-01,Chieti,italiani,74150.0
2016-07-01,Chieti,italiani,172039.0
2016-08-01,Chieti,italiani,231147.0
2016-09-01,Chieti,italiani,51270.0
2016-10-01,Chieti,italiani,27380.0
2016-11-01,Chieti,italiani,21339.0
2016-12-01,Chieti,italiani,22244.0
2017-01-01,Chieti,italiani,23087.0
2017-02-01,Chieti,italiani,24789.0
2017-03-01,Chieti,italiani,25478.0
2017-04-01,Chieti,italiani,31922.0
2017-05-01,Chieti,italiani,30214.0
2017-06-01,Chieti,italiani,101798.0
2017-07-01,Chieti,italiani,193007.0
2017-08-01,Chieti,italiani,259473.0
2017-09-01,Chieti,italiani,61973.0
2017-10-01,Chieti,italiani,34807.0
2017-11-01,Chieti,italiani,28939.0
2017-12-01,Chieti,italiani,33072.0
2018-01-01,Chieti,italiani,26938.0
2018-02-01,Chieti,italiani,25664.0
2018-03-01,Chieti,italiani,40246.0
2018-04-01,Chieti,italiani,43922.0
2018-05-01,Chieti,italiani,42851.0
2018-06-01,Chieti,italiani,114941.0
2018-07-01,Chieti,italiani,200173.0
2018-08-01,Chieti,italiani,257016.0
2018-09-01,Chieti,italiani,75777.0
2018-10-01,Chieti,italiani,40111.0
2018-11-01,Chieti,italiani,33093.0
2018-12-01,Chieti,italiani,30134.0
2019-01-01,Chieti,italiani,29952.0
2019-02-01,Chieti,italiani,31641.0
2019-03-01,Chieti,italiani,33786.0
2019-04-01,Chieti,italiani,41660.0
2019-05-01,Chieti,italiani,43857.0
2019-06-01,Chieti,italiani,96304.0
2019-07-01,Chieti,italiani,179845.0
2019-08-01,Chieti,italiani,251308.0
2019-09-01,Chieti,italiani,64691.0
2019-10-01,Chieti,italiani,26484.0
2019-11-01,Chieti,italiani,20492.0
2019-12-01,Chieti,italiani,22112.0
2020-01-01,Chieti,italiani,21221.0
2020-02-01,Chieti,italiani,23811.0
2020-03-01,Chieti,italiani,6060.0
2020-04-01,Chieti,italiani,1892.0
2020-05-01,Chieti,italiani,6698.0
2020-06-01,Chieti,italiani,43868.0
2020-07-01,Chieti,italiani,151673.0
2020-08-01,Chieti,italiani,231637.0
2020-09-01,Chieti,italiani,70259.0
2020-10-01,Chieti,italiani,23287.0
2020-11-01,Chieti,italiani,12759.0
2020-12-01,Chieti,italiani,10510.0
2021-01-01,Chieti,italiani,11393.0
2021-02-01,Chieti,italiani,12990.0
2021-03-01,Chieti,italiani,14105.0
2021-04-01,Chieti,italiani,15936.0
2021-05-01,Chieti,italiani,22903.0
2021-06-01,Chieti,italiani,74889.0
2021-07-01,Chieti,italiani,173532.0
2021-08-01,Chieti,italiani,248894.0
2021-09-01,Chieti,italiani,80715.0
2021-10-01,Chieti,italiani,28985.0
2021-11-01,Chieti,italiani,22353.0
2021-12-01,Chieti,italiani,21997.0
2022-01-01,Chieti,italiani,22227.0
2022-02-01,Chieti,italiani,27338.0
2022-03-01,Chieti,italiani,31228.0
2022-04-01,Chieti,italiani,42659.0
2022-05-01,Chieti,italiani,41220.0
2022-06-01,Chieti,italiani,105433.0
2022-07-01,Chieti,italiani,197791.0
2022-08-01,Chieti,italiani,255395.0
2022-09-01,Chieti,italiani,97908.0
2022-10-01,Chieti,italiani,58550.0
2022-11-01,Chieti,italiani,53459.0
2022-12-01,Chieti,italiani,57260.0
2023-01-01,Chieti,italiani,37610.0
2023-02-01,Chieti,italiani,39708.0
2023-03-01,Chieti,italiani,44004.0
2023-04-01,Chieti,italiani,52462.0
2023-05-01,Chieti,italiani,47429.0
2023-06-01,Chieti,italiani,123435.0
2023-07-01,Chieti,italiani,222011.0
2023-08-01,Chieti,italiani,276569.0
2023-09-01,Chieti,italiani,103460.0
2023-10-01,Chieti,italiani,53344.0
2023-11-01,Chieti,italiani,50706.0
2023-12-01,Chieti,italiani,55030.0
2024-01-01,Chieti,italiani,51206.0
2024-02-01,Chieti,italiani,33831.0
2024-03-01,Chieti,italiani,37291.0
2024-04-01,Chieti,italiani,62613.0
2024-05-01,Chieti,italiani,54177.0
2024-06-01,Chieti,italiani,135095.0
2024-07-01,Chieti,italiani,204114.0
2024-08-01,Chieti,italiani,259223.0
2024-09-01,Chieti,italiani,86894.0
2024-10-01,Chieti,italiani,63631.0
2024-11-01,Chieti,italiani,40234.0
2024-12-01,Chieti,italiani,38780.0
2008-01-01,L'Aquila,estero,4231.0
2008-02-01,L'Aquila,estero,6030.0
2008-03-01,L'Aquila,estero,6273.0
2008-04-01,L'Aquila,estero,7819.0
2008-05-01,L'Aquila,estero,11990.0
2008-06-01,L'Aquila,estero,15210.0
2008-07-01,L'Aquila,estero,20794.0
2008-08-01,L'Aquila,estero,17726.0
2008-09-01,L'Aquila,estero,14000.0
2008-10-01,L'Aquila,estero,7610.0
2008-11-01,L'Aquila,estero,4102.0
2008-12-01,L'Aquila,estero,4410.0
2009-01-01,L'Aquila,estero,4408.0
2009-02-01,L'Aquila,estero,4962.0
2009-03-01,L'Aquila,estero,3964.0
2009-04-01,L'Aquila,estero,3626.0
2009-05-01,L'Aquila,estero,4584.0
2009-06-01,L'Aquila,estero,8425.0
2009-07-01,L'Aquila,estero,11504.0
2009-08-01,L'Aquila,estero,9117.0
2009-09-01,L'Aquila,estero,10639.0
2009-10-01,L'Aquila,estero,7969.0
2009-11-01,L'Aquila,estero,5893.0
2009-12-01,L'Aquila,estero,5286.0
2010-01-01,L'Aquila,estero,5553.0
2010-02-01,L'Aquila,estero,4993.0
2010-03-01,L'Aquila,estero,5741.0
2010-04-01,L'Aquila,estero,5548.0
2010-05-01,L'Aquila,estero,8430.0
2010-06-01,L'Aquila,estero,9526.0
2010-07-01,L'Aquila,estero,12493.0
2010-08-01,L'Aquila,estero,12993.0
2010-09-01,L'Aquila,estero,10762.0
2010-10-01,L'Aquila,estero,7100.0
2010-11-01,L'Aquila,estero,4665.0
2010-12-01,L'Aquila,estero,3953.0
2011-01-01,L'Aquila,estero,4479.0
2011-02-01,L'Aquila,estero,5195.0
2011-03-01,L'Aquila,estero,4650.0
2011-04-01,L'Aquila,estero,6851.0
2011-05-01,L'Aquila,estero,9644.0
2011-06-01,L'Aquila,estero,11614.0
2011-07-01,L'Aquila,estero,24378.0
2011-08-01,L'Aquila,estero,17363.0
2011-09-01,L'Aquila,estero,10010.0
2011-10-01,L'Aquila,estero,7571.0
2011-11-01,L'Aquila,estero,3766.0
2011-12-01,L'Aquila,estero,3756.0
2012-01-01,L'Aquila,estero,4408.0
2012-02-01,L'Aquila,estero,6031.0
2012-03-01,L'Aquila,estero,9570.0
2012-04-01,L'Aquila,estero,6523.0
2012-05-01,L'Aquila,estero,9307.0
2012-06-01,L'Aquila,estero,11438.0
2012-07-01,L'Aquila,estero,14891.0
2012-08-01,L'Aquila,estero,16437.0
2012-09-01,L'Aquila,estero,14750.0
2012-10-01,L'Aquila,estero,8981.0
2012-11-01,L'Aquila,estero,4553.0
2012-12-01,L'Aquila,estero,5392.0
2013-01-01,L'Aquila,estero,5686.0
2013-02-01,L'Aquila,estero,6269.0
2013-03-01,L'Aquila,estero,6354.0
2013-04-01,L'Aquila,estero,6384.0
2013-05-01,L'Aquila,estero,10992.0
2013-06-01,L'Aquila,estero,11855.0
2013-07-01,L'Aquila,estero,15059.0
2013-08-01,L'Aquila,estero,15392.0
2013-09-01,L'Aquila,estero,11058.0
2013-10-01,L'Aquila,estero,7670.0
2013-11-01,L'Aquila,estero,4540.0
2013-12-01,L'Aquila,estero,9280.0
2014-01-01,L'Aquila,estero,5291.0
2014-02-01,L'Aquila,estero,4984.0
2014-03-01,L'Aquila,estero,4710.0
2014-04-01,L'Aquila,estero,8784.0
2014-05-01,L'Aquila,estero,9149.0
2014-06-01,L'Aquila,estero,10018.0
2014-07-01,L'Aquila,estero,11540.0
2014-08-01,L'Aquila,estero,9664.0
2014-09-01,L'Aquila,estero,12909.0
2014-10-01,L'Aquila,estero,6319.0
2014-11-01,L'Aquila,estero,3948.0
2014-12-01,L'Aquila,estero,3362.0
2015-01-01,L'Aquila,estero,3427.0
2015-02-01,L'Aquila,estero,3685.0
2015-03-01,L'Aquila,estero,2849.0
2015-04-01,L'Aquila,estero,4346.0
2015-05-01,L'Aquila,estero,6816.0
2015-06-01,L'Aquila,estero,8959.0
2015-07-01,L'Aquila,estero,14513.0
2015-08-01,L'Aquila,estero,8531.0
2015-09-01,L'Aquila,estero,7797.0
2015-10-01,L'Aquila,estero,6054.0
2015-11-01,L'Aquila,estero,3969.0
2015-12-01,L'Aquila,estero,3219.0
2016-01-01,L'Aquila,estero,3161.0
2016-02-01,L'Aquila,estero,5770.0
2016-03-01,L'Aquila,estero,3309.0
2016-04-01,L'Aquila,estero,3556.0
2016-05-01,L'Aquila,estero,7344.0
2016-06-01,L'Aquila,estero,8515.0
2016-07-01,L'Aquila,estero,13658.0
2016-08-01,L'Aquila,estero,9542.0
2016-09-01,L'Aquila,estero,8090.0
2016-10-01,L'Aquila,estero,5518.0
2016-11-01,L'Aquila,estero,2522.0
2016-12-01,L'Aquila,estero,2445.0
2017-01-01,L'Aquila,estero,2901.0
2017-02-01,L'Aquila,estero,4581.0
2017-03-01,L'Aquila,estero,4019.0
2017-04-01,L'Aquila,estero,4812.0
2017-05-01,L'Aquila,estero,6831.0
2017-06-01,L'Aquila,estero,7717.0
2017-07-01,L'Aquila,estero,12891.0
2017-08-01,L'Aquila,estero,10819.0
2017-09-01,L'Aquila,estero,9398.0
2017-10-01,L'Aquila,estero,6571.0
2017-11-01,L'Aquila,estero,3191.0
2017-12-01,L'Aquila,estero,2512.0
2018-01-01,L'Aquila,estero,3196.0
2018-02-01,L'Aquila,estero,5022.0
2018-03-01,L'Aquila,estero,3434.0
2018-04-01,L'Aquila,estero,4685.0
2018-05-01,L'Aquila,estero,8135.0
2018-06-01,L'Aquila,estero,9340.0
2018-07-01,L'Aquila,estero,10077.0
2018-08-01,L'Aquila,estero,10013.0
2018-09-01,L'Aquila,estero,8464.0
2018-10-01,L'Aquila,estero,5036.0
2018-11-01,L'Aquila,estero,3151.0
2018-12-01,L'Aquila,estero,3710.0
2019-01-01,L'Aquila,estero,3087.0
2019-02-01,L'Aquila,estero,4359.0
2019-03-01,L'Aquila,estero,4307.0
2019-04-01,L'Aquila,estero,4397.0
2019-05-01,L'Aquila,estero,7035.0
2019-06-01,L'Aquila,estero,9386.0
2019-07-01,L'Aquila,estero,11538.0
2019-08-01,L'Aquila,estero,10861.0
2019-09-01,L'Aquila,estero,8614.0
2019-10-01,L'Aquila,estero,6219.0
2019-11-01,L'Aquila,estero,2853.0
2019-12-01,L'Aquila,estero,2947.0
2020-01-01,L'Aquila,estero,2815.0
2020-02-01,L'Aquila,estero,3879.0
2020-03-01,L'Aquila,estero,572.0
2020-04-01,L'Aquila,estero,237.0
2020-05-01,L'Aquila,estero,324.0
2020-06-01,L'Aquila,estero,837.0
2020-07-01,L'Aquila,estero,3597.0
2020-08-01,L'Aquila,estero,4417.0
2020-09-01,L'Aquila,estero,4815.0
2020-10-01,L'Aquila,estero,2276.0
2020-11-01,L'Aquila,estero,861.0
2020-12-01,L'Aquila,estero,632.0
2021-01-01,L'Aquila,estero,796.0
2021-02-01,L'Aquila,estero,1032.0
2021-03-01,L'Aquila,estero,865.0
2021-04-01,L'Aquila,estero,893.0
2021-05-01,L'Aquila,estero,1907.0
2021-06-01,L'Aquila,estero,4330.0
2021-07-01,L'Aquila,estero,7834.0
2021-08-01,L'Aquila,estero,8021.0
2021-09-01,L'Aquila,estero,10973.0
2021-10-01,L'Aquila,estero,4229.0
2021-11-01,L'Aquila,estero,1876.0
2021-12-01,L'Aquila,estero,2102.0
2022-01-01,L'Aquila,estero,2900.0
2022-02-01,L'Aquila,estero,4067.0
2022-03-01,L'Aquila,estero,4151.0
2022-04-01,L'Aquila,estero,4670.0
2022-05-01,L'Aquila,estero,8735.0
2022-06-01,L'Aquila,estero,11199.0
2022-07-01,L'Aquila,estero,11754.0
2022-08-01,L'Aquila,estero,10110.0
2022-09-01,L'Aquila,estero,10939.0
2022-10-01,L'Aquila,estero,7489.0
2022-11-01,L'Aquila,estero,3258.0
2022-12-01,L'Aquila,estero,3746.0
2023-01-01,L'Aquila,estero,3031.0
2023-02-01,L'Aquila,estero,4988.0
2023-03-01,L'Aquila,estero,4844.0
2023-04-01,L'Aquila,estero,6357.0
2023-05-01,L'Aquila,estero,11611.0
2023-06-01,L'Aquila,estero,12473.0
2023-07-01,L'Aquila,estero,15473.0
2023-08-01,L'Aquila,estero,14707.0
2023-09-01,L'Aquila,estero,14311.0
2023-10-01,L'Aquila,estero,11293.0
2023-11-01,L'Aquila,estero,6433.0
2023-12-01,L'Aquila,estero,6608.0
2024-01-01,L'Aquila,estero,6142.0
2024-02-01,L'Aquila,estero,5636.0
2024-03-01,L'Aquila,estero,5930.0
2024-04-01,L'Aquila,estero,9164.0
2024-05-01,L'Aquila,estero,14159.0
2024-06-01,L'Aquila,estero,15320.0
2024-07-01,L'Aquila,estero,15943.0
2024-08-01,L'Aquila,estero,15775.0
2024-09-01,L'Aquila,estero,25982.0
2024-10-01,L'Aquila,estero,11812.0
2024-11-01,L'Aquila,estero,6686.0
2024-12-01,L'Aquila,estero,7821.0
2008-01-01,L'Aquila,italiani,166863.0
2008-02-01,L'Aquila,italiani,171986.0
2008-03-01,L'Aquila,italiani,119121.0
2008-04-01,L'Aquila,italiani,51090.0
2008-05-01,L'Aquila,italiani,52561.0
2008-06-01,L'Aquila,italiani,77804.0
2008-07-01,L'Aquila,italiani,177656.0
2008-08-01,L'Aquila,italiani,263252.0
2008-09-01,L'Aquila,italiani,65616.0
2008-10-01,L'Aquila,italiani,38277.0
2008-11-01,L'Aquila,italiani,33679.0
2008-12-01,L'Aquila,italiani,117651.0
2009-01-01,L'Aquila,italiani,183798.0
2009-02-01,L'Aquila,italiani,169010.0
2009-03-01,L'Aquila,italiani,116963.0
2009-04-01,L'Aquila,italiani,38853.0
2009-05-01,L'Aquila,italiani,46608.0
2009-06-01,L'Aquila,italiani,73700.0
2009-07-01,L'Aquila,italiani,149137.0
2009-08-01,L'Aquila,italiani,221841.0
2009-09-01,L'Aquila,italiani,79899.0
2009-10-01,L'Aquila,italiani,59104.0
2009-11-01,L'Aquila,italiani,51612.0
2009-12-01,L'Aquila,italiani,110338.0
2010-01-01,L'Aquila,italiani,159098.0
2010-02-01,L'Aquila,italiani,166053.0
2010-03-01,L'Aquila,italiani,103340.0
2010-04-01,L'Aquila,italiani,56540.0
2010-05-01,L'Aquila,italiani,47277.0
2010-06-01,L'Aquila,italiani,60002.0
2010-07-01,L'Aquila,italiani,155744.0
2010-08-01,L'Aquila,italiani,230429.0
2010-09-01,L'Aquila,italiani,55182.0
2010-10-01,L'Aquila,italiani,44313.0
2010-11-01,L'Aquila,italiani,34133.0
2010-12-01,L'Aquila,italiani,87930.0
2011-01-01,L'Aquila,italiani,154688.0
2011-02-01,L'Aquila,italiani,138467.0
2011-03-01,L'Aquila,italiani,112364.0
2011-04-01,L'Aquila,italiani,48797.0
2011-05-01,L'Aquila,italiani,39876.0
2011-06-01,L'Aquila,italiani,61428.0
2011-07-01,L'Aquila,italiani,146068.0
2011-08-01,L'Aquila,italiani,223374.0
2011-09-01,L'Aquila,italiani,61580.0
2011-10-01,L'Aquila,italiani,40777.0
2011-11-01,L'Aquila,italiani,33126.0
2011-12-01,L'Aquila,italiani,77430.0
2012-01-01,L'Aquila,italiani,154299.0
2012-02-01,L'Aquila,italiani,120230.0
2012-03-01,L'Aquila,italiani,130745.0
2012-04-01,L'Aquila,italiani,50322.0
2012-05-01,L'Aquila,italiani,37355.0
2012-06-01,L'Aquila,italiani,66672.0
2012-07-01,L'Aquila,italiani,150475.0
2012-08-01,L'Aquila,italiani,242008.0
2012-09-01,L'Aquila,italiani,60388.0
2012-10-01,L'Aquila,italiani,37428.0
2012-11-01,L'Aquila,italiani,34177.0
2012-12-01,L'Aquila,italiani,91233.0
2013-01-01,L'Aquila,italiani,128364.0
2013-02-01,L'Aquila,italiani,153949.0
2013-03-01,L'Aquila,italiani,128072.0
2013-04-01,L'Aquila,italiani,45694.0
2013-05-01,L'Aquila,italiani,33860.0
2013-06-01,L'Aquila,italiani,61971.0
2013-07-01,L'Aquila,italiani,134086.0
2013-08-01,L'Aquila,italiani,223966.0
2013-09-01,L'Aquila,italiani,52275.0
2013-10-01,L'Aquila,italiani,33339.0
2013-11-01,L'Aquila,italiani,32143.0
2013-12-01,L'Aquila,italiani,112198.0
2014-01-01,L'Aquila,italiani,119690.0
2014-02-01,L'Aquila,italiani,113500.0
2014-03-01,L'Aquila,italiani,88163.0
2014-04-01,L'Aquila,italiani,36540.0
2014-05-01,L'Aquila,italiani,39172.0
2014-06-01,L'Aquila,italiani,40130.0
2014-07-01,L'Aquila,italiani,98627.0
2014-08-01,L'Aquila,italiani,172453.0
2014-09-01,L'Aquila,italiani,56325.0
2014-10-01,L'Aquila,italiani,27757.0
2014-11-01,L'Aquila,italiani,23019.0
2014-12-01,L'Aquila,italiani,60658.0
2015-01-01,L'Aquila,italiani,111003.0
2015-02-01,L'Aquila,italiani,127397.0
2015-03-01,L'Aquila,italiani,89584.0
2015-04-01,L'Aquila,italiani,39639.0
2015-05-01,L'Aquila,italiani,47037.0
2015-06-01,L'Aquila,italiani,41907.0
2015-07-01,L'Aquila,italiani,114141.0
2015-08-01,L'Aquila,italiani,191246.0
2015-09-01,L'Aquila,italiani,36662.0
2015-10-01,L'Aquila,italiani,27928.0
2015-11-01,L'Aquila,italiani,20185.0
2015-12-01,L'Aquila,italiani,73876.0
2016-01-01,L'Aquila,italiani,108905.0
2016-02-01,L'Aquila,italiani,114753.0
2016-03-01,L'Aquila,italiani,83619.0
2016-04-01,L'Aquila,italiani,26776.0
2016-05-01,L'Aquila,italiani,26213.0
2016-06-01,L'Aquila,italiani,45628.0
2016-07-01,L'Aquila,italiani,117996.0
2016-08-01,L'Aquila,italiani,185308.0
2016-09-01,L'Aquila,italiani,32903.0
2016-10-01,L'Aquila,italiani,24285.0
2016-11-01,L'Aquila,italiani,17597.0
2016-12-01,L'Aquila,italiani,54510.0
2017-01-01,L'Aquila,italiani,95203.0
2017-02-01,L'Aquila,italiani,93612.0
2017-03-01,L'Aquila,italiani,66792.0
2017-04-01,L'Aquila,italiani,29503.0
2017-05-01,L'Aquila,italiani,26227.0
2017-06-01,L'Aquila,italiani,48387.0
2017-07-01,L'Aquila,italiani,98195.0
2017-08-01,L'Aquila,italiani,173612.0
2017-09-01,L'Aquila,italiani,37218.0
2017-10-01,L'Aquila,italiani,24151.0
2017-11-01,L'Aquila,italiani,17886.0
2017-12-01,L'Aquila,italiani,72779.0
2018-01-01,L'Aquila,italiani,114371.0
2018-02-01,L'Aquila,italiani,113266.0
2018-03-01,L'Aquila,italiani,83772.0
2018-04-01,L'Aquila,italiani,38682.0
2018-05-01,L'Aquila,italiani,28253.0
2018-06-01,L'Aquila,italiani,48370.0
2018-07-01,L'Aquila,italiani,106370.0
2018-08-01,L'Aquila,italiani,162563.0
2018-09-01,L'Aquila,italiani,36869.0
2018-10-01,L'Aquila,italiani,21199.0
2018-11-01,L'Aquila,italiani,18920.0
2018-12-01,L'Aquila,italiani,72953.0
2019-01-01,L'Aquila,italiani,112254.0
2019-02-01,L'Aquila,italiani,115868.0
2019-03-01,L'Aquila,italiani,82035.0
2019-04-01,L'Aquila,italiani,37442.0
2019-05-01,L'Aquila,italiani,34223.0
2019-06-01,L'Aquila,italiani,55446.0
2019-07-01,L'Aquila,italiani,111902.0
2019-08-01,L'Aquila,italiani,185402.0
2019-09-01,L'Aquila,italiani,45004.0
2019-10-01,L'Aquila,italiani,26657.0
2019-11-01,L'Aquila,italiani,27112.0
2019-12-01,L'Aquila,italiani,64268.0
2020-01-01,L'Aquila,italiani,107763.0
2020-02-01,L'Aquila,italiani,105530.0
2020-03-01,L'Aquila,italiani,20415.0
2020-04-01,L'Aquila,italiani,2107.0
2020-05-01,L'Aquila,italiani,4405.0
2020-06-01,L'Aquila,italiani,23665.0
2020-07-01,L'Aquila,italiani,104414.0
2020-08-01,L'Aquila,italiani,244290.0
2020-09-01,L'Aquila,italiani,60719.0
2020-10-01,L'Aquila,italiani,21216.0
2020-11-01,L'Aquila,italiani,9299.0
2020-12-01,L'Aquila,italiani,6914.0
2021-01-01,L'Aquila,italiani,8866.0
2021-02-01,L'Aquila,italiani,11238.0
2021-03-01,L'Aquila,italiani,12547.0
2021-04-01,L'Aquila,italiani,9769.0
2021-05-01,L'Aquila,italiani,23148.0
2021-06-01,L'Aquila,italiani,44186.0
2021-07-01,L'Aquila,italiani,118570.0
2021-08-01,L'Aquila,italiani,228255.0
2021-09-01,L'Aquila,italiani,59272.0
2021-10-01,L'Aquila,italiani,36191.0
2021-11-01,L'Aquila,italiani,19330.0
2021-12-01,L'Aquila,italiani,61703.0
2022-01-01,L'Aquila,italiani,104841.0
2022-02-01,L'Aquila,italiani,102471.0
2022-03-01,L'Aquila,italiani,69484.0
2022-04-01,L'Aquila,italiani,33051.0
2022-05-01,L'Aquila,italiani,28247.0
2022-06-01,L'Aquila,italiani,63917.0
2022-07-01,L'Aquila,italiani,134714.0
2022-08-01,L'Aquila,italiani,202253.0
2022-09-01,L'Aquila,italiani,58343.0
2022-10-01,L'Aquila,italiani,38019.0
2022-11-01,L'Aquila,italiani,20035.0
2022-12-01,L'Aquila,italiani,63483.0
2023-01-01,L'Aquila,italiani,86348.0
2023-02-01,L'Aquila,italiani,130907.0
2023-03-01,L'Aquila,italiani,74426.0
2023-04-01,L'Aquila,italiani,41872.0
2023-05-01,L'Aquila,italiani,35704.0
2023-06-01,L'Aquila,italiani,81192.0
2023-07-01,L'Aquila,italiani,169085.0
2023-08-01,L'Aquila,italiani,219809.0
2023-09-01,L'Aquila,italiani,76220.0
2023-10-01,L'Aquila,italiani,50602.0
2023-11-01,L'Aquila,italiani,43799.0
2023-12-01,L'Aquila,italiani,95088.0
2024-01-01,L'Aquila,italiani,112284.0
2024-02-01,L'Aquila,italiani,117453.0
2024-03-01,L'Aquila,italiani,59383.0
2024-04-01,L'Aquila,italiani,42695.0
2024-05-01,L'Aquila,italiani,44308.0
2024-06-01,L'Aquila,italiani,93558.0
2024-07-01,L'Aquila,italiani,160121.0
2024-08-01,L'Aquila,italiani,252030.0
2024-09-01,L'Aquila,italiani,85402.0
2024-10-01,L'Aquila,italiani,58254.0
2024-11-01,L'Aquila,italiani,42890.0
2024-12-01,L'Aquila,italiani,107398.0
2008-01-01,Pescara,estero,7735.0
2008-02-01,Pescara,estero,8450.0
2008-03-01,Pescara,estero,9168.0
2008-04-01,Pescara,estero,8980.0
2008-05-01,Pescara,estero,13185.0
2008-06-01,Pescara,estero,18413.0
2008-07-01,Pescara,estero,35958.0
2008-08-01,Pescara,estero,27018.0
2008-09-01,Pescara,estero,18318.0
2008-10-01,Pescara,estero,13590.0
2008-11-01,Pescara,estero,8835.0
2008-12-01,Pescara,estero,7310.0
2009-01-01,Pescara,estero,6369.0
2009-02-01,Pescara,estero,5876.0
2009-03-01,Pescara,estero,7895.0
2009-04-01,Pescara,estero,9305.0
2009-05-01,Pescara,estero,11988.0
2009-06-01,Pescara,estero,17651.0
2009-07-01,Pescara,estero,28122.0
2009-08-01,Pescara,estero,23409.0
2009-09-01,Pescara,estero,17684.0
2009-10-01,Pescara,estero,12424.0
2009-11-01,Pescara,estero,8805.0
2009-12-01,Pescara,estero,7060.0
2010-01-01,Pescara,estero,7088.0
2010-02-01,Pescara,estero,6918.0
2010-03-01,Pescara,estero,9157.0
2010-04-01,Pescara,estero,9933.0
2010-05-01,Pescara,estero,13857.0
2010-06-01,Pescara,estero,16752.0
2010-07-01,Pescara,estero,32380.0
2010-08-01,Pescara,estero,29202.0
2010-09-01,Pescara,estero,19855.0
2010-10-01,Pescara,estero,13248.0
2010-11-01,Pescara,estero,8365.0
2010-12-01,Pescara,estero,7697.0
2011-01-01,Pescara,estero,6268.0
2011-02-01,Pescara,estero,6361.0
2011-03-01,Pescara,estero,7510.0
2011-04-01,Pescara,estero,24492.0
2011-05-01,Pescara,estero,29877.0
2011-06-01,Pescara,estero,21378.0
2011-07-01,Pescara,estero,33714.0
2011-08-01,Pescara,estero,28438.0
2011-09-01,Pescara,estero,20520.0
2011-10-01,Pescara,estero,15060.0
2011-11-01,Pescara,estero,8235.0
2011-12-01,Pescara,estero,6926.0
2012-01-01,Pescara,estero,6912.0
2012-02-01,Pescara,estero,6952.0
2012-03-01,Pescara,estero,8539.0
2012-04-01,Pescara,estero,29090.0
2012-05-01,Pescara,estero,26257.0
2012-06-01,Pescara,estero,23135.0
2012-07-01,Pescara,estero,39565.0
2012-08-01,Pescara,estero,32101.0
2012-09-01,Pescara,estero,21725.0
2012-10-01,Pescara,estero,16011.0
2012-11-01,Pescara,estero,9435.0
2012-12-01,Pescara,estero,7986.0
2013-01-01,Pescara,estero,6162.0
2013-02-01,Pescara,estero,6198.0
2013-03-01,Pescara,estero,6857.0
2013-04-01,Pescara,estero,9850.0
2013-05-01,Pescara,estero,15198.0
2013-06-01,Pescara,estero,22548.0
2013-07-01,Pescara,estero,36255.0
2013-08-01,Pescara,estero,30287.0
2013-09-01,Pescara,estero,21596.0
2013-10-01,Pescara,estero,14069.0
2013-11-01,Pescara,estero,7507.0
2013-12-01,Pescara,estero,6288.0
2014-01-01,Pescara,estero,6310.0
2014-02-01,Pescara,estero,5982.0
2014-03-01,Pescara,estero,7784.0
2014-04-01,Pescara,estero,13391.0
2014-05-01,Pescara,estero,12039.0
2014-06-01,Pescara,estero,16998.0
2014-07-01,Pescara,estero,27227.0
2014-08-01,Pescara,estero,23695.0
2014-09-01,Pescara,estero,17203.0
2014-10-01,Pescara,estero,7029.0
2014-11-01,Pescara,estero,4995.0
2014-12-01,Pescara,estero,3115.0
2015-01-01,Pescara,estero,3574.0
2015-02-01,Pescara,estero,5393.0
2015-03-01,Pescara,estero,5881.0
2015-04-01,Pescara,estero,7011.0
2015-05-01,Pescara,estero,9824.0
2015-06-01,Pescara,estero,13410.0
2015-07-01,Pescara,estero,27604.0
2015-08-01,Pescara,estero,23716.0
2015-09-01,Pescara,estero,18645.0
2015-10-01,Pescara,estero,10030.0
2015-11-01,Pescara,estero,4853.0
2015-12-01,Pescara,estero,4940.0
2016-01-01,Pescara,estero,3939.0
2016-02-01,Pescara,estero,8408.0
2016-03-01,Pescara,estero,7313.0
2016-04-01,Pescara,estero,8841.0
2016-05-01,Pescara,estero,13357.0
2016-06-01,Pescara,estero,19845.0
2016-07-01,Pescara,estero,33096.0
2016-08-01,Pescara,estero,25627.0
2016-09-01,Pescara,estero,18029.0
2016-10-01,Pescara,estero,11021.0
2016-11-01,Pescara,estero,5146.0
2016-12-01,Pescara,estero,3698.0
2017-01-01,Pescara,estero,3943.0
2017-02-01,Pescara,estero,3503.0
2017-03-01,Pescara,estero,5668.0
2017-04-01,Pescara,estero,8466.0
2017-05-01,Pescara,estero,11762.0
2017-06-01,Pescara,estero,22469.0
2017-07-01,Pescara,estero,35566.0
2017-08-01,Pescara,estero,26024.0
2017-09-01,Pescara,estero,21452.0
2017-10-01,Pescara,estero,10139.0
2017-11-01,Pescara,estero,4647.0
2017-12-01,Pescara,estero,4099.0
2018-01-01,Pescara,estero,4343.0
2018-02-01,Pescara,estero,4867.0
2018-03-01,Pescara,estero,6163.0
2018-04-01,Pescara,estero,9595.0
2018-05-01,Pescara,estero,17217.0
2018-06-01,Pescara,estero,22031.0
2018-07-01,Pescara,estero,34208.0
2018-08-01,Pescara,estero,25861.0
2018-09-01,Pescara,estero,19645.0
2018-10-01,Pescara,estero,11285.0
2018-11-01,Pescara,estero,5446.0
2018-12-01,Pescara,estero,4277.0
2019-01-01,Pescara,estero,3825.0
2019-02-01,Pescara,estero,3504.0
2019-03-01,Pescara,estero,5515.0
2019-04-01,Pescara,estero,8509.0
2019-05-01,Pescara,estero,13102.0
2019-06-01,Pescara,estero,21741.0
2019-07-01,Pescara,estero,30606.0
2019-08-01,Pescara,estero,25735.0
2019-09-01,Pescara,estero,23025.0
2019-10-01,Pescara,estero,10929.0
2019-11-01,Pescara,estero,5606.0
2019-12-01,Pescara,estero,4376.0
2020-01-01,Pescara,estero,3993.0
2020-02-01,Pescara,estero,3809.0
2020-03-01,Pescara,estero,1058.0
2020-04-01,Pescara,estero,374.0
2020-05-01,Pescara,estero,410.0
2020-06-01,Pescara,estero,1753.0
2020-07-01,Pescara,estero,10048.0
2020-08-01,Pescara,estero,11677.0
2020-09-01,Pescara,estero,8612.0
2020-10-01,Pescara,estero,4498.0
2020-11-01,Pescara,estero,903.0
2020-12-01,Pescara,estero,756.0
2021-01-01,Pescara,estero,865.0
2021-02-01,Pescara,estero,912.0
2021-03-01,Pescara,estero,964.0
2021-04-01,Pescara,estero,964.0
2021-05-01,Pescara,estero,2238.0
2021-06-01,Pescara,estero,7252.0
2021-07-01,Pescara,estero,21463.0
2021-08-01,Pescara,estero,19883.0
2021-09-01,Pescara,estero,13964.0
2021-10-01,Pescara,estero,9707.0
2021-11-01,Pescara,estero,3074.0
2021-12-01,Pescara,estero,2532.0
2022-01-01,Pescara,estero,2204.0
2022-02-01,Pescara,estero,2428.0
2022-03-01,Pescara,estero,8578.0
2022-04-01,Pescara,estero,14781.0
2022-05-01,Pescara,estero,18603.0
2022-06-01,Pescara,estero,23453.0
2022-07-01,Pescara,estero,33731.0
2022-08-01,Pescara,estero,27945.0
2022-09-01,Pescara,estero,26568.0
2022-10-01,Pescara,estero,18018.0
2022-11-01,Pescara,estero,9174.0
2022-12-01,Pescara,estero,8067.0
2023-01-01,Pescara,estero,9048.0
2023-02-01,Pescara,estero,8489.0
2023-03-01,Pescara,estero,11590.0
2023-04-01,Pescara,estero,12917.0
2023-05-01,Pescara,estero,18512.0
2023-06-01,Pescara,estero,24437.0
2023-07-01,Pescara,estero,34740.0
2023-08-01,Pescara,estero,28346.0
2023-09-01,Pescara,estero,34112.0
2023-10-01,Pescara,estero,19202.0
2023-11-01,Pescara,estero,22081.0
2023-12-01,Pescara,estero,10705.0
2024-01-01,Pescara,estero,10712.0
2024-02-01,Pescara,estero,10537.0
2024-03-01,Pescara,estero,15078.0
2024-04-01,Pescara,estero,18012.0
2024-05-01,Pescara,estero,27803.0
2024-06-01,Pescara,estero,33372.0
2024-07-01,Pescara,estero,46033.0
2024-08-01,Pescara,estero,40576.0
2024-09-01,Pescara,estero,35626.0
2024-10-01,Pescara,estero,19790.0
2024-11-01,Pescara,estero,35979.0
2024-12-01,Pescara,estero,8927.0
2008-01-01,Pescara,italiani,36243.0
2008-02-01,Pescara,italiani,33742.0
2008-03-01,Pescara,italiani,42201.0
2008-04-01,Pescara,italiani,45182.0
2008-05-01,Pescara,italiani,57733.0
2008-06-01,Pescara,italiani,121513.0
2008-07-01,Pescara,italiani,166226.0
2008-08-01,Pescara,italiani,192830.0
2008-09-01,Pescara,italiani,95293.0
2008-10-01,Pescara,italiani,45439.0
2008-11-01,Pescara,italiani,42224.0
2008-12-01,Pescara,italiani,34358.0
2009-01-01,Pescara,italiani,33313.0
2009-02-01,Pescara,italiani,29896.0
2009-03-01,Pescara,italiani,36872.0
2009-04-01,Pescara,italiani,36789.0
2009-05-01,Pescara,italiani,51638.0
2009-06-01,Pescara,italiani,77817.0
2009-07-01,Pescara,italiani,111030.0
2009-08-01,Pescara,italiani,141663.0
2009-09-01,Pescara,italiani,85917.0
2009-10-01,Pescara,italiani,60849.0
2009-11-01,Pescara,italiani,52005.0
2009-12-01,Pescara,italiani,48973.0
2010-01-01,Pescara,italiani,42668.0
2010-02-01,Pescara,italiani,34849.0
2010-03-01,Pescara,italiani,42142.0
2010-04-01,Pescara,italiani,50402.0
2010-05-01,Pescara,italiani,50621.0
2010-06-01,Pescara,italiani,99308.0
2010-07-01,Pescara,italiani,157204.0
2010-08-01,Pescara,italiani,197151.0
2010-09-01,Pescara,italiani,82680.0
2010-10-01,Pescara,italiani,51757.0
2010-11-01,Pescara,italiani,43050.0
2010-12-01,Pescara,italiani,38171.0
2011-01-01,Pescara,italiani,34489.0
2011-02-01,Pescara,italiani,31082.0
2011-03-01,Pescara,italiani,35557.0
2011-04-01,Pescara,italiani,38891.0
2011-05-01,Pescara,italiani,49263.0
2011-06-01,Pescara,italiani,112149.0
2011-07-01,Pescara,italiani,177607.0
2011-08-01,Pescara,italiani,213303.0
2011-09-01,Pescara,italiani,86191.0
2011-10-01,Pescara,italiani,57092.0
2011-11-01,Pescara,italiani,41550.0
2011-12-01,Pescara,italiani,38999.0
2012-01-01,Pescara,italiani,37386.0
2012-02-01,Pescara,italiani,27089.0
2012-03-01,Pescara,italiani,37800.0
2012-04-01,Pescara,italiani,46363.0
2012-05-01,Pescara,italiani,49227.0
2012-06-01,Pescara,italiani,109860.0
2012-07-01,Pescara,italiani,156984.0
2012-08-01,Pescara,italiani,204975.0
2012-09-01,Pescara,italiani,82747.0
2012-10-01,Pescara,italiani,49896.0
2012-11-01,Pescara,italiani,43429.0
2012-12-01,Pescara,italiani,37872.0
2013-01-01,Pescara,italiani,33056.0
2013-02-01,Pescara,italiani,27079.0
2013-03-01,Pescara,italiani,38251.0
2013-04-01,Pescara,italiani,45109.0
2013-05-01,Pescara,italiani,49045.0
2013-06-01,Pescara,italiani,96442.0
2013-07-01,Pescara,italiani,149267.0
2013-08-01,Pescara,italiani,202991.0
2013-09-01,Pescara,italiani,90634.0
2013-10-01,Pescara,italiani,47156.0
2013-11-01,Pescara,italiani,43938.0
2013-12-01,Pescara,italiani,38381.0
2014-01-01,Pescara,italiani,35392.0
2014-02-01,Pescara,italiani,28822.0
2014-03-01,Pescara,italiani,39161.0
2014-04-01,Pescara,italiani,42885.0
2014-05-01,Pescara,italiani,39316.0
2014-06-01,Pescara,italiani,86651.0
2014-07-01,Pescara,italiani,128622.0
2014-08-01,Pescara,italiani,193039.0
2014-09-01,Pescara,italiani,71145.0
2014-10-01,Pescara,italiani,44529.0
2014-11-01,Pescara,italiani,33254.0
2014-12-01,Pescara,italiani,32221.0
2015-01-01,Pescara,italiani,29680.0
2015-02-01,Pescara,italiani,26596.0
2015-03-01,Pescara,italiani,26624.0
2015-04-01,Pescara,italiani,36919.0
2015-05-01,Pescara,italiani,46208.0
2015-06-01,Pescara,italiani,86433.0
2015-07-01,Pescara,italiani,148870.0
2015-08-01,Pescara,italiani,189539.0
2015-09-01,Pescara,italiani,65109.0
2015-10-01,Pescara,italiani,39156.0
2015-11-01,Pescara,italiani,25464.0
2015-12-01,Pescara,italiani,31038.0
2016-01-01,Pescara,italiani,28042.0
2016-02-01,Pescara,italiani,23838.0
2016-03-01,Pescara,italiani,35647.0
2016-04-01,Pescara,italiani,36311.0
2016-05-01,Pescara,italiani,43172.0
2016-06-01,Pescara,italiani,85774.0
2016-07-01,Pescara,italiani,160529.0
2016-08-01,Pescara,italiani,204159.0
2016-09-01,Pescara,italiani,72444.0
2016-10-01,Pescara,italiani,44932.0
2016-11-01,Pescara,italiani,33355.0
2016-12-01,Pescara,italiani,28602.0
2017-01-01,Pescara,italiani,27758.0
2017-02-01,Pescara,italiani,21735.0
2017-03-01,Pescara,italiani,29332.0
2017-04-01,Pescara,italiani,43897.0
2017-05-01,Pescara,italiani,47946.0
2017-06-01,Pescara,italiani,87874.0
2017-07-01,Pescara,italiani,154137.0
2017-08-01,Pescara,italiani,191594.0
2017-09-01,Pescara,italiani,76830.0
2017-10-01,Pescara,italiani,41196.0
2017-11-01,Pescara,italiani,38564.0
2017-12-01,Pescara,italiani,39153.0
2018-01-01,Pescara,italiani,34749.0
2018-02-01,Pescara,italiani,25790.0
2018-03-01,Pescara,italiani,36690.0
2018-04-01,Pescara,italiani,45236.0
2018-05-01,Pescara,italiani,53246.0
2018-06-01,Pescara,italiani,109132.0
2018-07-01,Pescara,italiani,163949.0
2018-08-01,Pescara,italiani,201356.0
2018-09-01,Pescara,italiani,83833.0
2018-10-01,Pescara,italiani,44263.0
2018-11-01,Pescara,italiani,39317.0
2018-12-01,Pescara,italiani,36895.0
2019-01-01,Pescara,italiani,31020.0
2019-02-01,Pescara,italiani,27408.0
2019-03-01,Pescara,italiani,33219.0
2019-04-01,Pescara,italiani,45302.0
2019-05-01,Pescara,italiani,42326.0
2019-06-01,Pescara,italiani,80186.0
2019-07-01,Pescara,italiani,142870.0
2019-08-01,Pescara,italiani,196126.0
2019-09-01,Pescara,italiani,82062.0
2019-10-01,Pescara,italiani,43951.0
2019-11-01,Pescara,italiani,49442.0
2019-12-01,Pescara,italiani,36250.0
2020-01-01,Pescara,italiani,35628.0
2020-02-01,Pescara,italiani,31697.0
2020-03-01,Pescara,italiani,9299.0
2020-04-01,Pescara,italiani,4511.0
2020-05-01,Pescara,italiani,6807.0
2020-06-01,Pescara,italiani,27563.0
2020-07-01,Pescara,italiani,119396.0
2020-08-01,Pescara,italiani,184764.0
2020-09-01,Pescara,italiani,73587.0
2020-10-01,Pescara,italiani,29770.0
2020-11-01,Pescara,italiani,10444.0
2020-12-01,Pescara,italiani,9388.0
2021-01-01,Pescara,italiani,11967.0
2021-02-01,Pescara,italiani,12296.0
2021-03-01,Pescara,italiani,15024.0
2021-04-01,Pescara,italiani,15675.0
2021-05-01,Pescara,italiani,27265.0
2021-06-01,Pescara,italiani,71050.0
2021-07-01,Pescara,italiani,159158.0
2021-08-01,Pescara,italiani,203147.0
2021-09-01,Pescara,italiani,78552.0
2021-10-01,Pescara,italiani,40225.0
2021-11-01,Pescara,italiani,27985.0
2021-12-01,Pescara,italiani,26696.0
2022-01-01,Pescara,italiani,21361.0
2022-02-01,Pescara,italiani,21178.0
2022-03-01,Pescara,italiani,24910.0
2022-04-01,Pescara,italiani,35921.0
2022-05-01,Pescara,italiani,48766.0
2022-06-01,Pescara,italiani,91008.0
2022-07-01,Pescara,italiani,154399.0
2022-08-01,Pescara,italiani,193832.0
2022-09-01,Pescara,italiani,83613.0
2022-10-01,Pescara,italiani,40018.0
2022-11-01,Pescara,italiani,34852.0
2022-12-01,Pescara,italiani,36296.0
2023-01-01,Pescara,italiani,32131.0
2023-02-01,Pescara,italiani,32401.0
2023-03-01,Pescara,italiani,37055.0
2023-04-01,Pescara,italiani,50276.0
2023-05-01,Pescara,italiani,55775.0
2023-06-01,Pescara,italiani,113812.0
2023-07-01,Pescara,italiani,163451.0
2023-08-01,Pescara,italiani,193212.0
2023-09-01,Pescara,italiani,90912.0
2023-10-01,Pescara,italiani,52375.0
2023-11-01,Pescara,italiani,42299.0
2023-12-01,Pescara,italiani,46376.0
2024-01-01,Pescara,italiani,43166.0
2024-02-01,Pescara,italiani,45625.0
2024-03-01,Pescara,italiani,53359.0
2024-04-01,Pescara,italiani,58946.0
2024-05-01,Pescara,italiani,81745.0
2024-06-01,Pescara,italiani,125898.0
2024-07-01,Pescara,italiani,177542.0
2024-08-01,Pescara,italiani,212469.0
2024-09-01,Pescara,italiani,84172.0
2024-10-01,Pescara,italiani,61235.0
2024-11-01,Pescara,italiani,56420.0
2024-12-01,Pescara,italiani,43268.0
2008-01-01,Teramo,estero,4328.0
2008-02-01,Teramo,estero,7632.0
2008-03-01,Teramo,estero,6186.0
2008-04-01,Teramo,estero,11031.0
2008-05-01,Teramo,estero,53725.0
2008-06-01,Teramo,estero,85833.0
2008-07-01,Teramo,estero,187836.0
2008-08-01,Teramo,estero,123367.0
2008-09-01,Teramo,estero,79821.0
2008-10-01,Teramo,estero,15237.0
2008-11-01,Teramo,estero,5897.0
2008-12-01,Teramo,estero,4492.0
2009-01-01,Teramo,estero,4436.0
2009-02-01,Teramo,estero,4284.0
2009-03-01,Teramo,estero,4388.0
2009-04-01,Teramo,estero,7495.0
2009-05-01,Teramo,estero,31357.0
2009-06-01,Teramo,estero,79637.0
2009-07-01,Teramo,estero,141961.0
2009-08-01,Teramo,estero,101195.0
2009-09-01,Teramo,estero,69177.0
2009-10-01,Teramo,estero,18972.0
2009-11-01,Teramo,estero,8725.0
2009-12-01,Teramo,estero,6665.0
2010-01-01,Teramo,estero,6516.0
2010-02-01,Teramo,estero,5837.0
2010-03-01,Teramo,estero,7550.0
2010-04-01,Teramo,estero,9251.0
2010-05-01,Teramo,estero,45387.0
2010-06-01,Teramo,estero,74488.0
2010-07-01,Teramo,estero,167421.0
2010-08-01,Teramo,estero,119337.0
2010-09-01,Teramo,estero,73920.0
2010-10-01,Teramo,estero,19122.0
2010-11-01,Teramo,estero,7864.0
2010-12-01,Teramo,estero,6724.0
2011-01-01,Teramo,estero,5707.0
2011-02-01,Teramo,estero,5785.0
2011-03-01,Teramo,estero,7497.0
2011-04-01,Teramo,estero,16780.0
2011-05-01,Teramo,estero,30048.0
2011-06-01,Teramo,estero,92884.0
2011-07-01,Teramo,estero,171754.0
2011-08-01,Teramo,estero,120699.0
2011-09-01,Teramo,estero,68047.0
2011-10-01,Teramo,estero,17104.0
2011-11-01,Teramo,estero,9472.0
2011-12-01,Teramo,estero,5764.0
2012-01-01,Teramo,estero,5278.0
2012-02-01,Teramo,estero,5517.0
2012-03-01,Teramo,estero,7970.0
2012-04-01,Teramo,estero,15950.0
2012-05-01,Teramo,estero,41089.0
2012-06-01,Teramo,estero,89651.0
2012-07-01,Teramo,estero,178571.0
2012-08-01,Teramo,estero,123058.0
2012-09-01,Teramo,estero,78704.0
2012-10-01,Teramo,estero,15204.0
2012-11-01,Teramo,estero,5408.0
2012-12-01,Teramo,estero,4681.0
2013-01-01,Teramo,estero,3975.0
2013-02-01,Teramo,estero,4895.0
2013-03-01,Teramo,estero,6563.0
2013-04-01,Teramo,estero,8853.0
2013-05-01,Teramo,estero,51327.0
2013-06-01,Teramo,estero,82111.0
2013-07-01,Teramo,estero,173005.0
2013-08-01,Teramo,estero,130401.0
2013-09-01,Teramo,estero,74116.0
2013-10-01,Teramo,estero,15850.0
2013-11-01,Teramo,estero,5566.0
2013-12-01,Teramo,estero,6052.0
2014-01-01,Teramo,estero,4291.0
2014-02-01,Teramo,estero,4721.0
2014-03-01,Teramo,estero,6614.0
2014-04-01,Teramo,estero,11250.0
2014-05-01,Teramo,estero,27772.0
2014-06-01,Teramo,estero,91375.0
2014-07-01,Teramo,estero,151640.0
2014-08-01,Teramo,estero,116009.0
2014-09-01,Teramo,estero,78615.0
2014-10-01,Teramo,estero,18553.0
2014-11-01,Teramo,estero,5872.0
2014-12-01,Teramo,estero,8324.0
2015-01-01,Teramo,estero,4685.0
2015-02-01,Teramo,estero,5030.0
2015-03-01,Teramo,estero,5104.0
2015-04-01,Teramo,estero,7404.0
2015-05-01,Teramo,estero,38852.0
2015-06-01,Teramo,estero,85238.0
2015-07-01,Teramo,estero,155663.0
2015-08-01,Teramo,estero,116912.0
2015-09-01,Teramo,estero,74091.0
2015-10-01,Teramo,estero,11528.0
2015-11-01,Teramo,estero,4656.0
2015-12-01,Teramo,estero,3965.0
2016-01-01,Teramo,estero,3583.0
2016-02-01,Teramo,estero,4487.0
2016-03-01,Teramo,estero,5484.0
2016-04-01,Teramo,estero,8927.0
2016-05-01,Teramo,estero,42624.0
2016-06-01,Teramo,estero,83207.0
2016-07-01,Teramo,estero,162353.0
2016-08-01,Teramo,estero,124614.0
2016-09-01,Teramo,estero,69137.0
2016-10-01,Teramo,estero,14598.0
2016-11-01,Teramo,estero,8901.0
2016-12-01,Teramo,estero,5749.0
2017-01-01,Teramo,estero,3940.0
2017-02-01,Teramo,estero,3803.0
2017-03-01,Teramo,estero,4879.0
2017-04-01,Teramo,estero,10764.0
2017-05-01,Teramo,estero,25723.0
2017-06-01,Teramo,estero,105178.0
2017-07-01,Teramo,estero,159313.0
2017-08-01,Teramo,estero,115490.0
2017-09-01,Teramo,estero,74069.0
2017-10-01,Teramo,estero,13011.0
2017-11-01,Teramo,estero,4142.0
2017-12-01,Teramo,estero,3406.0
2018-01-01,Teramo,estero,3127.0
2018-02-01,Teramo,estero,4240.0
2018-03-01,Teramo,estero,5448.0
2018-04-01,Teramo,estero,13145.0
2018-05-01,Teramo,estero,47178.0
2018-06-01,Teramo,estero,86142.0
2018-07-01,Teramo,estero,162916.0
2018-08-01,Teramo,estero,109778.0
2018-09-01,Teramo,estero,64877.0
2018-10-01,Teramo,estero,10177.0
2018-11-01,Teramo,estero,3888.0
2018-12-01,Teramo,estero,3252.0
2019-01-01,Teramo,estero,3002.0
2019-02-01,Teramo,estero,3158.0
2019-03-01,Teramo,estero,4230.0
2019-04-01,Teramo,estero,10863.0
2019-05-01,Teramo,estero,27545.0
2019-06-01,Teramo,estero,93915.0
2019-07-01,Teramo,estero,138281.0
2019-08-01,Teramo,estero,95000.0
2019-09-01,Teramo,estero,58337.0
2019-10-01,Teramo,estero,12809.0
2019-11-01,Teramo,estero,3737.0
2019-12-01,Teramo,estero,3848.0
2020-01-01,Teramo,estero,3608.0
2020-02-01,Teramo,estero,3092.0
2020-03-01,Teramo,estero,1333.0
2020-04-01,Teramo,estero,724.0
2020-05-01,Teramo,estero,807.0
2020-06-01,Teramo,estero,4849.0
2020-07-01,Teramo,estero,35198.0
2020-08-01,Teramo,estero,36466.0
2020-09-01,Teramo,estero,28565.0
2020-10-01,Teramo,estero,7391.0
2020-11-01,Teramo,estero,1864.0
2020-12-01,Teramo,estero,1297.0
2021-01-01,Teramo,estero,1012.0
2021-02-01,Teramo,estero,993.0
2021-03-01,Teramo,estero,1540.0
2021-04-01,Teramo,estero,1419.0
2021-05-01,Teramo,estero,7599.0
2021-06-01,Teramo,estero,29440.0
2021-07-01,Teramo,estero,86103.0
2021-08-01,Teramo,estero,75430.0
2021-09-01,Teramo,estero,57674.0
2021-10-01,Teramo,estero,12339.0
2021-11-01,Teramo,estero,3040.0
2021-12-01,Teramo,estero,2055.0
2022-01-01,Teramo,estero,1808.0
2022-02-01,Teramo,estero,2892.0
2022-03-01,Teramo,estero,4813.0
2022-04-01,Teramo,estero,17543.0
2022-05-01,Teramo,estero,38448.0
2022-06-01,Teramo,estero,100168.0
2022-07-01,Teramo,estero,143196.0
2022-08-01,Teramo,estero,101999.0
2022-09-01,Teramo,estero,73780.0
2022-10-01,Teramo,estero,23911.0
2022-11-01,Teramo,estero,12845.0
2022-12-01,Teramo,estero,10814.0
2023-01-01,Teramo,estero,5318.0
2023-02-01,Teramo,estero,5206.0
2023-03-01,Teramo,estero,6758.0
2023-04-01,Teramo,estero,11230.0
2023-05-01,Teramo,estero,40134.0
2023-06-01,Teramo,estero,79318.0
2023-07-01,Teramo,estero,125566.0
2023-08-01,Teramo,estero,88804.0
2023-09-01,Teramo,estero,58995.0
2023-10-01,Teramo,estero,17159.0
2023-11-01,Teramo,estero,6996.0
2023-12-01,Teramo,estero,6164.0
2024-01-01,Teramo,estero,6027.0
2024-02-01,Teramo,estero,5186.0
2024-03-01,Teramo,estero,6809.0
2024-04-01,Teramo,estero,10473.0
2024-05-01,Teramo,estero,50639.0
2024-06-01,Teramo,estero,68775.0
2024-07-01,Teramo,estero,130355.0
2024-08-01,Teramo,estero,95167.0
2024-09-01,Teramo,estero,65394.0
2024-10-01,Teramo,estero,19879.0
2024-11-01,Teramo,estero,5387.0
2024-12-01,Teramo,estero,6863.0
2008-01-01,Teramo,italiani,32790.0
2008-02-01,Teramo,italiani,39297.0
2008-03-01,Teramo,italiani,33677.0
2008-04-01,Teramo,italiani,37160.0
2008-05-01,Teramo,italiani,86904.0
2008-06-01,Teramo,italiani,546621.0
2008-07-01,Teramo,italiani,928520.0
2008-08-01,Teramo,italiani,1154374.0
2008-09-01,Teramo,italiani,232376.0
2008-10-01,Teramo,italiani,35651.0
2008-11-01,Teramo,italiani,26045.0
2008-12-01,Teramo,italiani,31120.0
2009-01-01,Teramo,italiani,33626.0
2009-02-01,Teramo,italiani,32031.0
2009-03-01,Teramo,italiani,27792.0
2009-04-01,Teramo,italiani,43329.0
2009-05-01,Teramo,italiani,84333.0
2009-06-01,Teramo,italiani,385035.0
2009-07-01,Teramo,italiani,709581.0
2009-08-01,Teramo,italiani,949718.0
2009-09-01,Teramo,italiani,236153.0
2009-10-01,Teramo,italiani,76068.0
2009-11-01,Teramo,italiani,60421.0
2009-12-01,Teramo,italiani,56636.0
2010-01-01,Teramo,italiani,52465.0
2010-02-01,Teramo,italiani,48638.0
2010-03-01,Teramo,italiani,46198.0
2010-04-01,Teramo,italiani,56210.0
2010-05-01,Teramo,italiani,86092.0
2010-06-01,Teramo,italiani,462605.0
2010-07-01,Teramo,italiani,925436.0
2010-08-01,Teramo,italiani,1128058.0
2010-09-01,Teramo,italiani,230648.0
2010-10-01,Teramo,italiani,38140.0
2010-11-01,Teramo,italiani,32715.0
2010-12-01,Teramo,italiani,36329.0
2011-01-01,Teramo,italiani,35122.0
2011-02-01,Teramo,italiani,32198.0
2011-03-01,Teramo,italiani,34173.0
2011-04-01,Teramo,italiani,50244.0
2011-05-01,Teramo,italiani,66236.0
2011-06-01,Teramo,italiani,485249.0
2011-07-01,Teramo,italiani,959487.0
2011-08-01,Teramo,italiani,1182328.0
2011-09-01,Teramo,italiani,259506.0
2011-10-01,Teramo,italiani,39788.0
2011-11-01,Teramo,italiani,30098.0
2011-12-01,Teramo,italiani,31078.0
2012-01-01,Teramo,italiani,30191.0
2012-02-01,Teramo,italiani,26087.0
2012-03-01,Teramo,italiani,30391.0
2012-04-01,Teramo,italiani,46266.0
2012-05-01,Teramo,italiani,61575.0
2012-06-01,Teramo,italiani,491084.0
2012-07-01,Teramo,italiani,928497.0
2012-08-01,Teramo,italiani,1184180.0
2012-09-01,Teramo,italiani,248689.0
2012-10-01,Teramo,italiani,29207.0
2012-11-01,Teramo,italiani,26490.0
2012-12-01,Teramo,italiani,31470.0
2013-01-01,Teramo,italiani,30430.0
2013-02-01,Teramo,italiani,24721.0
2013-03-01,Teramo,italiani,32968.0
2013-04-01,Teramo,italiani,39451.0
2013-05-01,Teramo,italiani,55411.0
2013-06-01,Teramo,italiani,458631.0
2013-07-01,Teramo,italiani,882667.0
2013-08-01,Teramo,italiani,1143272.0
2013-09-01,Teramo,italiani,236371.0
2013-10-01,Teramo,italiani,24716.0
2013-11-01,Teramo,italiani,23966.0
2013-12-01,Teramo,italiani,26228.0
2014-01-01,Teramo,italiani,22646.0
2014-02-01,Teramo,italiani,22411.0
2014-03-01,Teramo,italiani,23781.0
2014-04-01,Teramo,italiani,43207.0
2014-05-01,Teramo,italiani,53050.0
2014-06-01,Teramo,italiani,395860.0
2014-07-01,Teramo,italiani,839582.0
2014-08-01,Teramo,italiani,1092289.0
2014-09-01,Teramo,italiani,201953.0
2014-10-01,Teramo,italiani,58959.0
2014-11-01,Teramo,italiani,35783.0
2014-12-01,Teramo,italiani,59174.0
2015-01-01,Teramo,italiani,23067.0
2015-02-01,Teramo,italiani,21531.0
2015-03-01,Teramo,italiani,22085.0
2015-04-01,Teramo,italiani,39977.0
2015-05-01,Teramo,italiani,93385.0
2015-06-01,Teramo,italiani,426536.0
2015-07-01,Teramo,italiani,858011.0
2015-08-01,Teramo,italiani,1108678.0
2015-09-01,Teramo,italiani,224394.0
2015-10-01,Teramo,italiani,27226.0
2015-11-01,Teramo,italiani,21840.0
2015-12-01,Teramo,italiani,24978.0
2016-01-01,Teramo,italiani,22582.0
2016-02-01,Teramo,italiani,17651.0
2016-03-01,Teramo,italiani,29044.0
2016-04-01,Teramo,italiani,51106.0
2016-05-01,Teramo,italiani,92375.0
2016-06-01,Teramo,italiani,431814.0
2016-07-01,Teramo,italiani,838892.0
2016-08-01,Teramo,italiani,1074332.0
2016-09-01,Teramo,italiani,201315.0
2016-10-01,Teramo,italiani,25814.0
2016-11-01,Teramo,italiani,50093.0
2016-12-01,Teramo,italiani,36584.0
2017-01-01,Teramo,italiani,57061.0
2017-02-01,Teramo,italiani,47019.0
2017-03-01,Teramo,italiani,45379.0
2017-04-01,Teramo,italiani,84276.0
2017-05-01,Teramo,italiani,78671.0
2017-06-01,Teramo,italiani,414331.0
2017-07-01,Teramo,italiani,813079.0
2017-08-01,Teramo,italiani,1030072.0
2017-09-01,Teramo,italiani,230644.0
2017-10-01,Teramo,italiani,33230.0
2017-11-01,Teramo,italiani,30055.0
2017-12-01,Teramo,italiani,31852.0
2018-01-01,Teramo,italiani,26847.0
2018-02-01,Teramo,italiani,25151.0
2018-03-01,Teramo,italiani,38730.0
2018-04-01,Teramo,italiani,64321.0
2018-05-01,Teramo,italiani,59713.0
2018-06-01,Teramo,italiani,449485.0
2018-07-01,Teramo,italiani,818330.0
2018-08-01,Teramo,italiani,1040742.0
2018-09-01,Teramo,italiani,213427.0
2018-10-01,Teramo,italiani,25255.0
2018-11-01,Teramo,italiani,24611.0
2018-12-01,Teramo,italiani,29716.0
2019-01-01,Teramo,italiani,23968.0
2019-02-01,Teramo,italiani,21914.0
2019-03-01,Teramo,italiani,24866.0
2019-04-01,Teramo,italiani,64021.0
2019-05-01,Teramo,italiani,66471.0
2019-06-01,Teramo,italiani,457799.0
2019-07-01,Teramo,italiani,851028.0
2019-08-01,Teramo,italiani,1022567.0
2019-09-01,Teramo,italiani,216443.0
2019-10-01,Teramo,italiani,25777.0
2019-11-01,Teramo,italiani,27315.0
2019-12-01,Teramo,italiani,31158.0
2020-01-01,Teramo,italiani,25170.0
2020-02-01,Teramo,italiani,22168.0
2020-03-01,Teramo,italiani,12523.0
2020-04-01,Teramo,italiani,7603.0
2020-05-01,Teramo,italiani,9783.0
2020-06-01,Teramo,italiani,112694.0
2020-07-01,Teramo,italiani,549656.0
2020-08-01,Teramo,italiani,894642.0
2020-09-01,Teramo,italiani,238063.0
2020-10-01,Teramo,italiani,23007.0
2020-11-01,Teramo,italiani,14424.0
2020-12-01,Teramo,italiani,12940.0
2021-01-01,Teramo,italiani,13439.0
2021-02-01,Teramo,italiani,13603.0
2021-03-01,Teramo,italiani,13882.0
2021-04-01,Teramo,italiani,14279.0
2021-05-01,Teramo,italiani,42533.0
2021-06-01,Teramo,italiani,327371.0
2021-07-01,Teramo,italiani,828397.0
2021-08-01,Teramo,italiani,1057925.0
2021-09-01,Teramo,italiani,284585.0
2021-10-01,Teramo,italiani,29843.0
2021-11-01,Teramo,italiani,25513.0
2021-12-01,Teramo,italiani,24111.0
2022-01-01,Teramo,italiani,17636.0
2022-02-01,Teramo,italiani,21338.0
2022-03-01,Teramo,italiani,24793.0
2022-04-01,Teramo,italiani,51473.0
2022-05-01,Teramo,italiani,51616.0
2022-06-01,Teramo,italiani,423500.0
2022-07-01,Teramo,italiani,779492.0
2022-08-01,Teramo,italiani,949755.0
2022-09-01,Teramo,italiani,261736.0
2022-10-01,Teramo,italiani,50634.0
2022-11-01,Teramo,italiani,43648.0
2022-12-01,Teramo,italiani,48439.0
2023-01-01,Teramo,italiani,25295.0
2023-02-01,Teramo,italiani,20325.0
2023-03-01,Teramo,italiani,23248.0
2023-04-01,Teramo,italiani,57841.0
2023-05-01,Teramo,italiani,63300.0
2023-06-01,Teramo,italiani,443720.0
2023-07-01,Teramo,italiani,773178.0
2023-08-01,Teramo,italiani,958046.0
2023-09-01,Teramo,italiani,251630.0
2023-10-01,Teramo,italiani,30708.0
2023-11-01,Teramo,italiani,27389.0
2023-12-01,Teramo,italiani,30321.0
2024-01-01,Teramo,italiani,27859.0
2024-02-01,Teramo,italiani,28605.0
2024-03-01,Teramo,italiani,44812.0
2024-04-01,Teramo,italiani,52234.0
2024-05-01,Teramo,italiani,75500.0
2024-06-01,Teramo,italiani,441765.0
2024-07-01,Teramo,italiani,799100.0
2024-08-01,Teramo,italiani,986075.0
2024-09-01,Teramo,italiani,262180.0
2024-10-01,Teramo,italiani,32923.0
2024-11-01,Teramo,italiani,23288.0
2024-12-01,Teramo,italiani,31066.0
